insert into users(id, login_id, user_type, email, password, name, profile_image_url, nickname, address, gender, phone_number, age, oauth_server_id, oauth_server) values(1, null, 'ROLE_USER', 'example1@naver.com', null, '테스터1', null, '테스터1', '서울특별시 강동구 풍성로1', 'FEMALE', '010-2953-8553', 17, null, "KAKAO");
insert into users(id, login_id, user_type, email, password, name, profile_image_url, nickname, address, gender, phone_number, age, oauth_server_id, oauth_server) values(2, null, 'ROLE_GUEST', 'example2@naver.com', null, '테스터2', null, '테스터2', '서울특별시 강동구 풍성로2', 'FEMALE', '010-6525-5461', 37, null, "KAKAO");
insert into users(id, login_id, user_type, email, password, name, profile_image_url, nickname, address, gender, phone_number, age, oauth_server_id, oauth_server) values(3, null, 'ROLE_USER', 'example3@naver.com', null, '테스터3', null, '테스터3', '서울특별시 강동구 풍성로3', 'MALE', '010-6002-5168', 40, null, "KAKAO");
insert into users(id, login_id, user_type, email, password, name, profile_image_url, nickname, address, gender, phone_number, age, oauth_server_id, oauth_server) values(4, null, 'ROLE_GUEST', 'example4@naver.com', null, '테스터4', null, '테스터4', '서울특별시 강동구 풍성로4', 'MALE', '010-8497-8851', 18, null, "KAKAO");
insert into users(id, login_id, user_type, email, password, name, profile_image_url, nickname, address, gender, phone_number, age, oauth_server_id, oauth_server) values(5, null, 'ROLE_USER', 'example5@naver.com', null, '테스터5', null, '테스터5', '서울특별시 강동구 풍성로5', 'FEMALE', '010-9562-0070', 33, null, "KAKAO");
insert into users(id, login_id, user_type, email, password, name, profile_image_url, nickname, address, gender, phone_number, age, oauth_server_id, oauth_server) values(6, null, 'ROLE_USER', 'example6@naver.com', null, '테스터6', null, '테스터6', '서울특별시 강동구 풍성로6', 'FEMALE', '010-6156-0996', 19, null, "KAKAO");
insert into users(id, login_id, user_type, email, password, name, profile_image_url, nickname, address, gender, phone_number, age, oauth_server_id, oauth_server) values(7, null, 'ROLE_USER', 'example7@naver.com', null, '테스터7', null, '테스터7', '서울특별시 강동구 풍성로7', 'MALE', '010-4269-5390', 39, null, "KAKAO");
insert into users(id, login_id, user_type, email, password, name, profile_image_url, nickname, address, gender, phone_number, age, oauth_server_id, oauth_server) values(8, null, 'ROLE_GUEST', 'example8@naver.com', null, '테스터8', null, '테스터8', '서울특별시 강동구 풍성로8', 'FEMALE', '010-3596-7141', 23, null, "KAKAO");
insert into users(id, login_id, user_type, email, password, name, profile_image_url, nickname, address, gender, phone_number, age, oauth_server_id, oauth_server) values(9, null, 'ROLE_GUEST', 'example9@naver.com', null, '테스터9', null, '테스터9', '서울특별시 강동구 풍성로9', 'FEMALE', '010-6026-4949', 22, null, "KAKAO");
insert into users(id, login_id, user_type, email, password, name, profile_image_url, nickname, address, gender, phone_number, age, oauth_server_id, oauth_server) values(10, null, 'ROLE_GUEST', 'example10@naver.com', null, '테스터10', null, '테스터10', '서울특별시 강동구 풍성로10', 'MALE', '010-4124-0397', 19, null, "KAKAO");
insert into users(id, login_id, user_type, email, password, name, profile_image_url, nickname, address, gender, phone_number, age, oauth_server_id, oauth_server) values(11, null, 'ROLE_GUEST', 'example11@naver.com', null, '테스터11', null, '테스터11', '서울특별시 강동구 풍성로11', 'MALE', '010-7556-1570', 32, null, "KAKAO");
insert into users(id, login_id, user_type, email, password, name, profile_image_url, nickname, address, gender, phone_number, age, oauth_server_id, oauth_server) values(12, null, 'ROLE_GUEST', 'example12@naver.com', null, '테스터12', null, '테스터12', '서울특별시 강동구 풍성로12', 'MALE', '010-1726-7776', 30, null, "KAKAO");
insert into users(id, login_id, user_type, email, password, name, profile_image_url, nickname, address, gender, phone_number, age, oauth_server_id, oauth_server) values(13, null, 'ROLE_USER', 'example13@naver.com', null, '테스터13', null, '테스터13', '서울특별시 강동구 풍성로13', 'MALE', '010-1870-1866', 28, null, "KAKAO");
insert into users(id, login_id, user_type, email, password, name, profile_image_url, nickname, address, gender, phone_number, age, oauth_server_id, oauth_server) values(14, null, 'ROLE_USER', 'example14@naver.com', null, '테스터14', null, '테스터14', '서울특별시 강동구 풍성로14', 'MALE', '010-6865-2662', 22, null, "KAKAO");
insert into users(id, login_id, user_type, email, password, name, profile_image_url, nickname, address, gender, phone_number, age, oauth_server_id, oauth_server) values(15, null, 'ROLE_USER', 'example15@naver.com', null, '테스터15', null, '테스터15', '서울특별시 강동구 풍성로15', 'MALE', '010-7763-9806', 30, null, "KAKAO");
insert into users(id, login_id, user_type, email, password, name, profile_image_url, nickname, address, gender, phone_number, age, oauth_server_id, oauth_server) values(16, null, 'ROLE_USER', 'example16@naver.com', null, '테스터16', null, '테스터16', '서울특별시 강동구 풍성로16', 'MALE', '010-5607-8402', 36, null, "KAKAO");
insert into users(id, login_id, user_type, email, password, name, profile_image_url, nickname, address, gender, phone_number, age, oauth_server_id, oauth_server) values(17, null, 'ROLE_USER', 'example17@naver.com', null, '테스터17', null, '테스터17', '서울특별시 강동구 풍성로17', 'MALE', '010-8195-5285', 33, null, "KAKAO");
insert into users(id, login_id, user_type, email, password, name, profile_image_url, nickname, address, gender, phone_number, age, oauth_server_id, oauth_server) values(18, null, 'ROLE_GUEST', 'example18@naver.com', null, '테스터18', null, '테스터18', '서울특별시 강동구 풍성로18', 'MALE', '010-8571-3898', 35, null, "KAKAO");
insert into users(id, login_id, user_type, email, password, name, profile_image_url, nickname, address, gender, phone_number, age, oauth_server_id, oauth_server) values(19, null, 'ROLE_GUEST', 'example19@naver.com', null, '테스터19', null, '테스터19', '서울특별시 강동구 풍성로19', 'MALE', '010-3248-0991', 36, null, "KAKAO");
insert into users(id, login_id, user_type, email, password, name, profile_image_url, nickname, address, gender, phone_number, age, oauth_server_id, oauth_server) values(20, null, 'ROLE_USER', 'example20@naver.com', null, '테스터20', null, '테스터20', '서울특별시 강동구 풍성로20', 'MALE', '010-9938-1110', 24, null, "KAKAO");
insert into users(id, login_id, user_type, email, password, name, profile_image_url, nickname, address, gender, phone_number, age, oauth_server_id, oauth_server) values(21, null, 'ROLE_GUEST', 'example21@naver.com', null, '테스터21', null, '테스터21', '서울특별시 강동구 풍성로21', 'FEMALE', '010-6974-6455', 33, null, "KAKAO");
insert into users(id, login_id, user_type, email, password, name, profile_image_url, nickname, address, gender, phone_number, age, oauth_server_id, oauth_server) values(22, null, 'ROLE_GUEST', 'example22@naver.com', null, '테스터22', null, '테스터22', '서울특별시 강동구 풍성로22', 'FEMALE', '010-6525-4678', 19, null, "KAKAO");
insert into users(id, login_id, user_type, email, password, name, profile_image_url, nickname, address, gender, phone_number, age, oauth_server_id, oauth_server) values(23, null, 'ROLE_GUEST', 'example23@naver.com', null, '테스터23', null, '테스터23', '서울특별시 강동구 풍성로23', 'MALE', '010-1328-5018', 32, null, "KAKAO");
insert into users(id, login_id, user_type, email, password, name, profile_image_url, nickname, address, gender, phone_number, age, oauth_server_id, oauth_server) values(24, null, 'ROLE_USER', 'example24@naver.com', null, '테스터24', null, '테스터24', '서울특별시 강동구 풍성로24', 'MALE', '010-9328-5034', 15, null, "KAKAO");
insert into users(id, login_id, user_type, email, password, name, profile_image_url, nickname, address, gender, phone_number, age, oauth_server_id, oauth_server) values(25, null, 'ROLE_USER', 'example25@naver.com', null, '테스터25', null, '테스터25', '서울특별시 강동구 풍성로25', 'FEMALE', '010-6408-0714', 18, null, "KAKAO");
insert into users(id, login_id, user_type, email, password, name, profile_image_url, nickname, address, gender, phone_number, age, oauth_server_id, oauth_server) values(26, null, 'ROLE_GUEST', 'example26@naver.com', null, '테스터26', null, '테스터26', '서울특별시 강동구 풍성로26', 'MALE', '010-2676-2520', 21, null, "KAKAO");
insert into users(id, login_id, user_type, email, password, name, profile_image_url, nickname, address, gender, phone_number, age, oauth_server_id, oauth_server) values(27, null, 'ROLE_USER', 'example27@naver.com', null, '테스터27', null, '테스터27', '서울특별시 강동구 풍성로27', 'FEMALE', '010-4217-8133', 25, null, "KAKAO");
insert into users(id, login_id, user_type, email, password, name, profile_image_url, nickname, address, gender, phone_number, age, oauth_server_id, oauth_server) values(28, null, 'ROLE_GUEST', 'example28@naver.com', null, '테스터28', null, '테스터28', '서울특별시 강동구 풍성로28', 'MALE', '010-6273-8297', 20, null, "KAKAO");
insert into users(id, login_id, user_type, email, password, name, profile_image_url, nickname, address, gender, phone_number, age, oauth_server_id, oauth_server) values(29, null, 'ROLE_GUEST', 'example29@naver.com', null, '테스터29', null, '테스터29', '서울특별시 강동구 풍성로29', 'FEMALE', '010-8047-9142', 24, null, "KAKAO");

insert into user_detail(id, mmr, win_rate, win, draw, lose, tier, introduction, ranking) values(1, 446, 32.9, 26, 9, 53, 0, '안녕하세요. 테스터1입니다.', 22);
insert into user_detail(id, mmr, win_rate, win, draw, lose, tier, introduction, ranking) values(2, 362, 60, 81, 9, 54, 0, '안녕하세요. 테스터2입니다.', 25);
insert into user_detail(id, mmr, win_rate, win, draw, lose, tier, introduction, ranking) values(3, 1903, 79.1, 53, 1, 14, 1, '안녕하세요. 테스터3입니다.', 12);
insert into user_detail(id, mmr, win_rate, win, draw, lose, tier, introduction, ranking) values(4, 585, 49.5, 97, 19, 99, 0, '안녕하세요. 테스터4입니다.', 21);
insert into user_detail(id, mmr, win_rate, win, draw, lose, tier, introduction, ranking) values(5, 1774, 96.6, 28, 15, 1, 1, '안녕하세요. 테스터5입니다.', 15);
insert into user_detail(id, mmr, win_rate, win, draw, lose, tier, introduction, ranking) values(6, 231, 44.4, 68, 6, 85, 0, '안녕하세요. 테스터6입니다.', 27);
insert into user_detail(id, mmr, win_rate, win, draw, lose, tier, introduction, ranking) values(7, 1877, 67.9, 57, 6, 27, 1, '안녕하세요. 테스터7입니다.', 13);
insert into user_detail(id, mmr, win_rate, win, draw, lose, tier, introduction, ranking) values(8, 1535, 19.5, 22, 17, 91, 1, '안녕하세요. 테스터8입니다.', 16);
insert into user_detail(id, mmr, win_rate, win, draw, lose, tier, introduction, ranking) values(9, 3462, 48.2, 67, 1, 72, 4, '안녕하세요. 테스터9입니다.', 1);
insert into user_detail(id, mmr, win_rate, win, draw, lose, tier, introduction, ranking) values(10, 198, 38.2, 13, 14, 21, 0, '안녕하세요. 테스터10입니다.', 28);
insert into user_detail(id, mmr, win_rate, win, draw, lose, tier, introduction, ranking) values(11, 3092, 58.5, 83, 1, 59, 4, '안녕하세요. 테스터11입니다.', 4);
insert into user_detail(id, mmr, win_rate, win, draw, lose, tier, introduction, ranking) values(12, 1309, 58.2, 53, 0, 38, 0, '안녕하세요. 테스터12입니다.', 17);
insert into user_detail(id, mmr, win_rate, win, draw, lose, tier, introduction, ranking) values(13, 1932, 48.9, 45, 13, 47, 1, '안녕하세요. 테스터13입니다.', 11);
insert into user_detail(id, mmr, win_rate, win, draw, lose, tier, introduction, ranking) values(14, 425, 24.2, 30, 14, 94, 0, '안녕하세요. 테스터14입니다.', 23);
insert into user_detail(id, mmr, win_rate, win, draw, lose, tier, introduction, ranking) values(15, 2712, 70.6, 77, 3, 32, 3, '안녕하세요. 테스터15입니다.', 5);
insert into user_detail(id, mmr, win_rate, win, draw, lose, tier, introduction, ranking) values(16, 941, 20.6, 14, 17, 54, 0, '안녕하세요. 테스터16입니다.', 18);
insert into user_detail(id, mmr, win_rate, win, draw, lose, tier, introduction, ranking) values(17, 2097, 26.9, 21, 7, 57, 2, '안녕하세요. 테스터17입니다.', 8);
insert into user_detail(id, mmr, win_rate, win, draw, lose, tier, introduction, ranking) values(18, 377, 16.3, 17, 1, 87, 0, '안녕하세요. 테스터18입니다.', 24);
insert into user_detail(id, mmr, win_rate, win, draw, lose, tier, introduction, ranking) values(19, 187, 54.3, 95, 18, 80, 0, '안녕하세요. 테스터19입니다.', 29);
insert into user_detail(id, mmr, win_rate, win, draw, lose, tier, introduction, ranking) values(20, 2083, 66.1, 80, 14, 41, 2, '안녕하세요. 테스터20입니다.', 9);
insert into user_detail(id, mmr, win_rate, win, draw, lose, tier, introduction, ranking) values(21, 1830, 100, 65, 3, 0, 1, '안녕하세요. 테스터21입니다.', 14);
insert into user_detail(id, mmr, win_rate, win, draw, lose, tier, introduction, ranking) values(22, 1933, 17, 16, 7, 78, 1, '안녕하세요. 테스터22입니다.', 10);
insert into user_detail(id, mmr, win_rate, win, draw, lose, tier, introduction, ranking) values(23, 2243, 59.1, 81, 16, 56, 2, '안녕하세요. 테스터23입니다.', 7);
insert into user_detail(id, mmr, win_rate, win, draw, lose, tier, introduction, ranking) values(24, 3354, 50.4, 57, 1, 56, 4, '안녕하세요. 테스터24입니다.', 3);
insert into user_detail(id, mmr, win_rate, win, draw, lose, tier, introduction, ranking) values(25, 674, 41.8, 56, 15, 78, 0, '안녕하세요. 테스터25입니다.', 20);
insert into user_detail(id, mmr, win_rate, win, draw, lose, tier, introduction, ranking) values(26, 2341, 56, 56, 18, 44, 2, '안녕하세요. 테스터26입니다.', 6);
insert into user_detail(id, mmr, win_rate, win, draw, lose, tier, introduction, ranking) values(27, 344, 65, 78, 19, 42, 0, '안녕하세요. 테스터27입니다.', 26);
insert into user_detail(id, mmr, win_rate, win, draw, lose, tier, introduction, ranking) values(28, 734, 20.6, 14, 6, 54, 0, '안녕하세요. 테스터28입니다.', 19);
insert into user_detail(id, mmr, win_rate, win, draw, lose, tier, introduction, ranking) values(29, 3395, 81.6, 31, 1, 7, 4, '안녕하세요. 테스터29입니다.', 2);

insert into matches(id, title, initiator_id, opponent_id, match_date_time, gender, tier, location, description, type, status, winner_id, loser_id, draw) values(1, '안녕! Platium 게임 한 판?', 15, 14, null, 'MALE', 3, '서울특별시 강동구 풍성로14', '서울특별시 강동구 풍성로15에서 재밌게 놀 남자 구합니다.', '랭크', 'IN_PROGRESS', 15, 14, FALSE);
insert into matches(id, title, initiator_id, opponent_id, match_date_time, gender, tier, location, description, type, status, winner_id, loser_id, draw) values(2, '테스터11와 함께 한 판 하실분?', 11, 16, null, 'FEMALE', 3, '서울특별시 강동구 풍성로16', '서울특별시 강동구 풍성로11에서 재밌게 놀 여자 구합니다.', '랭크', 'IN_PROGRESS', 11, 16, FALSE);
insert into matches(id, title, initiator_id, opponent_id, match_date_time, gender, tier, location, description, type, status, winner_id, loser_id, draw) values(3, '안녕! Sliver 게임 한 판?', 6, 28, null, 'MALE', 1, '서울특별시 강동구 풍성로28', '서울특별시 강동구 풍성로6에서 재밌게 놀 남자 구합니다.', '랭크', 'IN_PROGRESS', 28, 6, FALSE);
insert into matches(id, title, initiator_id, opponent_id, match_date_time, gender, tier, location, description, type, status, winner_id, loser_id, draw) values(4, '안녕! Gold 게임 한 판?', 14, 6, null, 'MALE', 2, '서울특별시 강동구 풍성로14', '서울특별시 강동구 풍성로14에서 재밌게 놀 여자 구합니다.', '일반', 'IN_PROGRESS', 6, 14, FALSE);
insert into matches(id, title, initiator_id, opponent_id, match_date_time, gender, tier, location, description, type, status, winner_id, loser_id, draw) values(5, '안녕! Sliver 게임 한 판?', 16, 7, null, 'FEMALE', 1, '서울특별시 강동구 풍성로16', '서울특별시 강동구 풍성로16에서 재밌게 놀 여자 구합니다.', '랭크', 'IN_PROGRESS', 16, 7, FALSE);
insert into matches(id, title, initiator_id, opponent_id, match_date_time, gender, tier, location, description, type, status, winner_id, loser_id, draw) values(6, '안녕! Bronze 게임 한 판?', 21, 1, null, 'FEMALE', 0, '서울특별시 강동구 풍성로21', '서울특별시 강동구 풍성로21에서 재밌게 놀 여자 구합니다.', '랭크', 'IN_PROGRESS', 1, 21, FALSE);
insert into matches(id, title, initiator_id, opponent_id, match_date_time, gender, tier, location, description, type, status, winner_id, loser_id, draw) values(7, '테스터5와 함께 한 판 하실분?', 5, 0, null, 'FEMALE', 0, '서울특별시 강동구 풍성로5', '서울특별시 강동구 풍성로5에서 재밌게 놀 여자 구합니다.', '랭크', 'IN_PROGRESS', null, null, FALSE);
insert into matches(id, title, initiator_id, opponent_id, match_date_time, gender, tier, location, description, type, status, winner_id, loser_id, draw) values(8, '안녕! Diamond 게임 한 판?', 7, 0, null, 'FEMALE', 4, '서울특별시 강동구 풍성로7', '서울특별시 강동구 풍성로7에서 재밌게 놀 남자 구합니다.', '랭크', 'IN_PROGRESS', null, null, TRUE);
insert into matches(id, title, initiator_id, opponent_id, match_date_time, gender, tier, location, description, type, status, winner_id, loser_id, draw) values(9, '안녕! Sliver 게임 한 판?', 6, 28, null, 'FEMALE', 1, '서울특별시 강동구 풍성로6', '서울특별시 강동구 풍성로6에서 재밌게 놀 남자 구합니다.', '랭크', 'IN_PROGRESS', null, 6, TRUE);
insert into matches(id, title, initiator_id, opponent_id, match_date_time, gender, tier, location, description, type, status, winner_id, loser_id, draw) values(10, '테스터23와 함께 한 판 하실분?', 23, 24, null, 'MALE', 3, '서울특별시 강동구 풍성로23', '서울특별시 강동구 풍성로23에서 재밌게 놀 남자 구합니다.', '랭크', 'IN_PROGRESS', 23, 24, FALSE);
insert into matches(id, title, initiator_id, opponent_id, match_date_time, gender, tier, location, description, type, status, winner_id, loser_id, draw) values(11, '안녕! Platium 게임 한 판?', 15, 1, null, 'FEMALE', 3, '서울특별시 강동구 풍성로15', '서울특별시 강동구 풍성로15에서 재밌게 놀 남자 구합니다.', '랭크', 'IN_PROGRESS', 1, 15, FALSE);
insert into matches(id, title, initiator_id, opponent_id, match_date_time, gender, tier, location, description, type, status, winner_id, loser_id, draw) values(12, '안녕! Bronze 게임 한 판?', 4, 0, null, 'FEMALE', 0, '서울특별시 강동구 풍성로4', '서울특별시 강동구 풍성로4에서 재밌게 놀 여자 구합니다.', '랭크', 'IN_PROGRESS', null, null, FALSE);
insert into matches(id, title, initiator_id, opponent_id, match_date_time, gender, tier, location, description, type, status, winner_id, loser_id, draw) values(13, '테스터26와 함께 한 판 하실분?', 26, 18, null, 'FEMALE', 1, '서울특별시 강동구 풍성로26', '서울특별시 강동구 풍성로26에서 재밌게 놀 여자 구합니다.', '일반', 'IN_PROGRESS', 18, 26, FALSE);
insert into matches(id, title, initiator_id, opponent_id, match_date_time, gender, tier, location, description, type, status, winner_id, loser_id, draw) values(14, '테스터3와 함께 한 판 하실분?', 3, 0, null, 'FEMALE', 3, '서울특별시 강동구 풍성로3', '서울특별시 강동구 풍성로3에서 재밌게 놀 여자 구합니다.', '랭크', 'IN_PROGRESS', null, null, FALSE);
insert into matches(id, title, initiator_id, opponent_id, match_date_time, gender, tier, location, description, type, status, winner_id, loser_id, draw) values(15, '테스터4와 함께 한 판 하실분?', 4, 18, null, 'FEMALE', 0, '서울특별시 강동구 풍성로18', '서울특별시 강동구 풍성로4에서 재밌게 놀 남자 구합니다.', '랭크', 'IN_PROGRESS', 4, 18, FALSE);
insert into matches(id, title, initiator_id, opponent_id, match_date_time, gender, tier, location, description, type, status, winner_id, loser_id, draw) values(16, '테스터6와 함께 한 판 하실분?', 6, 0, null, 'MALE', 1, '서울특별시 강동구 풍성로6', '서울특별시 강동구 풍성로6에서 재밌게 놀 남자 구합니다.', '랭크', 'IN_PROGRESS', null, null, TRUE);
insert into matches(id, title, initiator_id, opponent_id, match_date_time, gender, tier, location, description, type, status, winner_id, loser_id, draw) values(17, '안녕! Diamond 게임 한 판?', 10, 18, null, 'MALE', 4, '서울특별시 강동구 풍성로10', '서울특별시 강동구 풍성로10에서 재밌게 놀 여자 구합니다.', '랭크', 'IN_PROGRESS', 18, 10, FALSE);
insert into matches(id, title, initiator_id, opponent_id, match_date_time, gender, tier, location, description, type, status, winner_id, loser_id, draw) values(18, '안녕! Bronze 게임 한 판?', 20, 0, null, 'MALE', 0, '서울특별시 강동구 풍성로20', '서울특별시 강동구 풍성로20에서 재밌게 놀 남자 구합니다.', '일반', 'IN_PROGRESS', null, null, FALSE);
insert into matches(id, title, initiator_id, opponent_id, match_date_time, gender, tier, location, description, type, status, winner_id, loser_id, draw) values(19, '테스터26와 함께 한 판 하실분?', 26, 0, null, 'FEMALE', 1, '서울특별시 강동구 풍성로26', '서울특별시 강동구 풍성로26에서 재밌게 놀 여자 구합니다.', '일반', 'IN_PROGRESS', null, null, TRUE);
insert into matches(id, title, initiator_id, opponent_id, match_date_time, gender, tier, location, description, type, status, winner_id, loser_id, draw) values(20, '안녕! Diamond 게임 한 판?', 29, 0, null, 'FEMALE', 4, '서울특별시 강동구 풍성로29', '서울특별시 강동구 풍성로29에서 재밌게 놀 남자 구합니다.', '랭크', 'IN_PROGRESS', null, null, TRUE);
insert into matches(id, title, initiator_id, opponent_id, match_date_time, gender, tier, location, description, type, status, winner_id, loser_id, draw) values(21, '테스터21와 함께 한 판 하실분?', 21, 29, null, 'FEMALE', 0, '서울특별시 강동구 풍성로29', '서울특별시 강동구 풍성로21에서 재밌게 놀 남자 구합니다.', '일반', 'IN_PROGRESS', 21, 29, FALSE);
insert into matches(id, title, initiator_id, opponent_id, match_date_time, gender, tier, location, description, type, status, winner_id, loser_id, draw) values(22, '안녕! Diamond 게임 한 판?', 29, 0, null, 'MALE', 4, '서울특별시 강동구 풍성로29', '서울특별시 강동구 풍성로29에서 재밌게 놀 남자 구합니다.', '일반', 'IN_PROGRESS', null, null, FALSE);
insert into matches(id, title, initiator_id, opponent_id, match_date_time, gender, tier, location, description, type, status, winner_id, loser_id, draw) values(23, '테스터13와 함께 한 판 하실분?', 13, 25, null, 'MALE', 0, '서울특별시 강동구 풍성로13', '서울특별시 강동구 풍성로13에서 재밌게 놀 남자 구합니다.', '일반', 'IN_PROGRESS', null, 13, TRUE);
insert into matches(id, title, initiator_id, opponent_id, match_date_time, gender, tier, location, description, type, status, winner_id, loser_id, draw) values(24, '안녕! Platium 게임 한 판?', 27, 10, null, 'MALE', 3, '서울특별시 강동구 풍성로27', '서울특별시 강동구 풍성로27에서 재밌게 놀 남자 구합니다.', '일반', 'IN_PROGRESS', 10, 27, FALSE);
insert into matches(id, title, initiator_id, opponent_id, match_date_time, gender, tier, location, description, type, status, winner_id, loser_id, draw) values(25, '테스터9와 함께 한 판 하실분?', 9, 0, null, 'MALE', 1, '서울특별시 강동구 풍성로9', '서울특별시 강동구 풍성로9에서 재밌게 놀 여자 구합니다.', '일반', 'IN_PROGRESS', null, null, TRUE);
insert into matches(id, title, initiator_id, opponent_id, match_date_time, gender, tier, location, description, type, status, winner_id, loser_id, draw) values(26, '테스터9와 함께 한 판 하실분?', 9, 0, null, 'FEMALE', 1, '서울특별시 강동구 풍성로9', '서울특별시 강동구 풍성로9에서 재밌게 놀 남자 구합니다.', '랭크', 'IN_PROGRESS', null, null, FALSE);
insert into matches(id, title, initiator_id, opponent_id, match_date_time, gender, tier, location, description, type, status, winner_id, loser_id, draw) values(27, '테스터25와 함께 한 판 하실분?', 25, 27, null, 'MALE', 3, '서울특별시 강동구 풍성로25', '서울특별시 강동구 풍성로25에서 재밌게 놀 여자 구합니다.', '랭크', 'IN_PROGRESS', 25, 27, FALSE);
insert into matches(id, title, initiator_id, opponent_id, match_date_time, gender, tier, location, description, type, status, winner_id, loser_id, draw) values(28, '테스터23와 함께 한 판 하실분?', 23, 0, null, 'FEMALE', 3, '서울특별시 강동구 풍성로23', '서울특별시 강동구 풍성로23에서 재밌게 놀 남자 구합니다.', '일반', 'IN_PROGRESS', null, null, FALSE);
insert into matches(id, title, initiator_id, opponent_id, match_date_time, gender, tier, location, description, type, status, winner_id, loser_id, draw) values(29, '테스터7와 함께 한 판 하실분?', 7, 0, null, 'FEMALE', 4, '서울특별시 강동구 풍성로7', '서울특별시 강동구 풍성로7에서 재밌게 놀 여자 구합니다.', '랭크', 'IN_PROGRESS', null, null, FALSE);
insert into matches(id, title, initiator_id, opponent_id, match_date_time, gender, tier, location, description, type, status, winner_id, loser_id, draw) values(30, '안녕! Bronze 게임 한 판?', 4, 0, null, 'FEMALE', 0, '서울특별시 강동구 풍성로4', '서울특별시 강동구 풍성로4에서 재밌게 놀 남자 구합니다.', '일반', 'IN_PROGRESS', null, null, TRUE);
insert into matches(id, title, initiator_id, opponent_id, match_date_time, gender, tier, location, description, type, status, winner_id, loser_id, draw) values(31, '안녕! Platium 게임 한 판?', 3, 11, null, 'MALE', 3, '서울특별시 강동구 풍성로3', '서울특별시 강동구 풍성로3에서 재밌게 놀 남자 구합니다.', '일반', 'IN_PROGRESS', 11, 3, FALSE);
insert into matches(id, title, initiator_id, opponent_id, match_date_time, gender, tier, location, description, type, status, winner_id, loser_id, draw) values(32, '테스터13와 함께 한 판 하실분?', 13, 27, null, 'FEMALE', 0, '서울특별시 강동구 풍성로27', '서울특별시 강동구 풍성로13에서 재밌게 놀 여자 구합니다.', '랭크', 'IN_PROGRESS', 13, 27, FALSE);
insert into matches(id, title, initiator_id, opponent_id, match_date_time, gender, tier, location, description, type, status, winner_id, loser_id, draw) values(33, '안녕! Sliver 게임 한 판?', 6, 4, null, 'FEMALE', 1, '서울특별시 강동구 풍성로4', '서울특별시 강동구 풍성로6에서 재밌게 놀 여자 구합니다.', '일반', 'IN_PROGRESS', 6, 4, FALSE);
insert into matches(id, title, initiator_id, opponent_id, match_date_time, gender, tier, location, description, type, status, winner_id, loser_id, draw) values(34, '안녕! Diamond 게임 한 판?', 10, 4, null, 'MALE', 4, '서울특별시 강동구 풍성로4', '서울특별시 강동구 풍성로10에서 재밌게 놀 남자 구합니다.', '일반', 'IN_PROGRESS', 10, 4, FALSE);
insert into matches(id, title, initiator_id, opponent_id, match_date_time, gender, tier, location, description, type, status, winner_id, loser_id, draw) values(35, '테스터6와 함께 한 판 하실분?', 6, 0, null, 'MALE', 1, '서울특별시 강동구 풍성로6', '서울특별시 강동구 풍성로6에서 재밌게 놀 남자 구합니다.', '일반', 'IN_PROGRESS', null, null, TRUE);
insert into matches(id, title, initiator_id, opponent_id, match_date_time, gender, tier, location, description, type, status, winner_id, loser_id, draw) values(36, '테스터13와 함께 한 판 하실분?', 13, 0, null, 'MALE', 0, '서울특별시 강동구 풍성로13', '서울특별시 강동구 풍성로13에서 재밌게 놀 남자 구합니다.', '일반', 'IN_PROGRESS', null, null, FALSE);
insert into matches(id, title, initiator_id, opponent_id, match_date_time, gender, tier, location, description, type, status, winner_id, loser_id, draw) values(37, '테스터7와 함께 한 판 하실분?', 7, 29, null, 'MALE', 4, '서울특별시 강동구 풍성로29', '서울특별시 강동구 풍성로7에서 재밌게 놀 남자 구합니다.', '일반', 'IN_PROGRESS', null, 7, TRUE);
insert into matches(id, title, initiator_id, opponent_id, match_date_time, gender, tier, location, description, type, status, winner_id, loser_id, draw) values(38, '테스터4와 함께 한 판 하실분?', 4, 0, null, 'FEMALE', 0, '서울특별시 강동구 풍성로4', '서울특별시 강동구 풍성로4에서 재밌게 놀 여자 구합니다.', '랭크', 'IN_PROGRESS', null, null, FALSE);
insert into matches(id, title, initiator_id, opponent_id, match_date_time, gender, tier, location, description, type, status, winner_id, loser_id, draw) values(39, '안녕! Sliver 게임 한 판?', 26, 11, null, 'FEMALE', 1, '서울특별시 강동구 풍성로11', '서울특별시 강동구 풍성로26에서 재밌게 놀 남자 구합니다.', '랭크', 'IN_PROGRESS', 26, 11, FALSE);
insert into matches(id, title, initiator_id, opponent_id, match_date_time, gender, tier, location, description, type, status, winner_id, loser_id, draw) values(40, '안녕! Sliver 게임 한 판?', 6, 0, null, 'FEMALE', 1, '서울특별시 강동구 풍성로6', '서울특별시 강동구 풍성로6에서 재밌게 놀 남자 구합니다.', '랭크', 'IN_PROGRESS', null, null, TRUE);
insert into matches(id, title, initiator_id, opponent_id, match_date_time, gender, tier, location, description, type, status, winner_id, loser_id, draw) values(41, '테스터9와 함께 한 판 하실분?', 9, 0, null, 'FEMALE', 1, '서울특별시 강동구 풍성로9', '서울특별시 강동구 풍성로9에서 재밌게 놀 남자 구합니다.', '랭크', 'IN_PROGRESS', null, null, FALSE);
insert into matches(id, title, initiator_id, opponent_id, match_date_time, gender, tier, location, description, type, status, winner_id, loser_id, draw) values(42, '안녕! Gold 게임 한 판?', 12, 0, null, 'FEMALE', 2, '서울특별시 강동구 풍성로12', '서울특별시 강동구 풍성로12에서 재밌게 놀 남자 구합니다.', '일반', 'IN_PROGRESS', null, null, TRUE);
insert into matches(id, title, initiator_id, opponent_id, match_date_time, gender, tier, location, description, type, status, winner_id, loser_id, draw) values(43, '테스터5와 함께 한 판 하실분?', 5, 0, null, 'FEMALE', 0, '서울특별시 강동구 풍성로5', '서울특별시 강동구 풍성로5에서 재밌게 놀 남자 구합니다.', '랭크', 'IN_PROGRESS', null, null, FALSE);
insert into matches(id, title, initiator_id, opponent_id, match_date_time, gender, tier, location, description, type, status, winner_id, loser_id, draw) values(44, '안녕! Diamond 게임 한 판?', 10, 0, null, 'MALE', 4, '서울특별시 강동구 풍성로10', '서울특별시 강동구 풍성로10에서 재밌게 놀 여자 구합니다.', '일반', 'IN_PROGRESS', null, null, FALSE);
insert into matches(id, title, initiator_id, opponent_id, match_date_time, gender, tier, location, description, type, status, winner_id, loser_id, draw) values(45, '테스터14와 함께 한 판 하실분?', 14, 0, null, 'MALE', 2, '서울특별시 강동구 풍성로14', '서울특별시 강동구 풍성로14에서 재밌게 놀 여자 구합니다.', '일반', 'IN_PROGRESS', null, null, FALSE);
insert into matches(id, title, initiator_id, opponent_id, match_date_time, gender, tier, location, description, type, status, winner_id, loser_id, draw) values(46, '안녕! Platium 게임 한 판?', 11, 0, null, 'FEMALE', 3, '서울특별시 강동구 풍성로11', '서울특별시 강동구 풍성로11에서 재밌게 놀 여자 구합니다.', '일반', 'IN_PROGRESS', null, null, FALSE);
insert into matches(id, title, initiator_id, opponent_id, match_date_time, gender, tier, location, description, type, status, winner_id, loser_id, draw) values(47, '안녕! Bronze 게임 한 판?', 21, 0, null, 'FEMALE', 0, '서울특별시 강동구 풍성로21', '서울특별시 강동구 풍성로21에서 재밌게 놀 여자 구합니다.', '랭크', 'IN_PROGRESS', null, null, FALSE);
insert into matches(id, title, initiator_id, opponent_id, match_date_time, gender, tier, location, description, type, status, winner_id, loser_id, draw) values(48, '안녕! Gold 게임 한 판?', 14, 10, null, 'FEMALE', 2, '서울특별시 강동구 풍성로14', '서울특별시 강동구 풍성로14에서 재밌게 놀 남자 구합니다.', '일반', 'IN_PROGRESS', 14, 10, FALSE);
insert into matches(id, title, initiator_id, opponent_id, match_date_time, gender, tier, location, description, type, status, winner_id, loser_id, draw) values(49, '테스터4와 함께 한 판 하실분?', 4, 17, null, 'MALE', 0, '서울특별시 강동구 풍성로4', '서울특별시 강동구 풍성로4에서 재밌게 놀 남자 구합니다.', '랭크', 'IN_PROGRESS', 4, 17, FALSE);
insert into matches(id, title, initiator_id, opponent_id, match_date_time, gender, tier, location, description, type, status, winner_id, loser_id, draw) values(50, '테스터18와 함께 한 판 하실분?', 18, 0, null, 'FEMALE', 1, '서울특별시 강동구 풍성로18', '서울특별시 강동구 풍성로18에서 재밌게 놀 여자 구합니다.', '랭크', 'IN_PROGRESS', null, null, FALSE);
insert into matches(id, title, initiator_id, opponent_id, match_date_time, gender, tier, location, description, type, status, winner_id, loser_id, draw) values(51, '안녕! Sliver 게임 한 판?', 9, 11, null, 'MALE', 1, '서울특별시 강동구 풍성로9', '서울특별시 강동구 풍성로9에서 재밌게 놀 남자 구합니다.', '랭크', 'IN_PROGRESS', null, 9, TRUE);
insert into matches(id, title, initiator_id, opponent_id, match_date_time, gender, tier, location, description, type, status, winner_id, loser_id, draw) values(52, '테스터6와 함께 한 판 하실분?', 6, 0, null, 'FEMALE', 1, '서울특별시 강동구 풍성로6', '서울특별시 강동구 풍성로6에서 재밌게 놀 여자 구합니다.', '랭크', 'IN_PROGRESS', null, null, TRUE);
insert into matches(id, title, initiator_id, opponent_id, match_date_time, gender, tier, location, description, type, status, winner_id, loser_id, draw) values(53, '테스터10와 함께 한 판 하실분?', 10, 0, null, 'FEMALE', 4, '서울특별시 강동구 풍성로10', '서울특별시 강동구 풍성로10에서 재밌게 놀 남자 구합니다.', '랭크', 'IN_PROGRESS', null, null, TRUE);
insert into matches(id, title, initiator_id, opponent_id, match_date_time, gender, tier, location, description, type, status, winner_id, loser_id, draw) values(54, '테스터18와 함께 한 판 하실분?', 18, 0, null, 'MALE', 1, '서울특별시 강동구 풍성로18', '서울특별시 강동구 풍성로18에서 재밌게 놀 여자 구합니다.', '일반', 'IN_PROGRESS', null, null, FALSE);
insert into matches(id, title, initiator_id, opponent_id, match_date_time, gender, tier, location, description, type, status, winner_id, loser_id, draw) values(55, '안녕! Platium 게임 한 판?', 19, 25, null, 'MALE', 3, '서울특별시 강동구 풍성로19', '서울특별시 강동구 풍성로19에서 재밌게 놀 여자 구합니다.', '랭크', 'IN_PROGRESS', null, 19, TRUE);
insert into matches(id, title, initiator_id, opponent_id, match_date_time, gender, tier, location, description, type, status, winner_id, loser_id, draw) values(56, '안녕! Sliver 게임 한 판?', 9, 0, null, 'MALE', 1, '서울특별시 강동구 풍성로9', '서울특별시 강동구 풍성로9에서 재밌게 놀 여자 구합니다.', '일반', 'IN_PROGRESS', null, null, FALSE);
insert into matches(id, title, initiator_id, opponent_id, match_date_time, gender, tier, location, description, type, status, winner_id, loser_id, draw) values(57, '안녕! Platium 게임 한 판?', 3, 20, null, 'MALE', 3, '서울특별시 강동구 풍성로3', '서울특별시 강동구 풍성로3에서 재밌게 놀 남자 구합니다.', '일반', 'IN_PROGRESS', 3, 20, FALSE);
insert into matches(id, title, initiator_id, opponent_id, match_date_time, gender, tier, location, description, type, status, winner_id, loser_id, draw) values(58, '안녕! Diamond 게임 한 판?', 29, 24, null, 'MALE', 4, '서울특별시 강동구 풍성로24', '서울특별시 강동구 풍성로29에서 재밌게 놀 여자 구합니다.', '랭크', 'IN_PROGRESS', 29, 24, FALSE);
insert into matches(id, title, initiator_id, opponent_id, match_date_time, gender, tier, location, description, type, status, winner_id, loser_id, draw) values(59, '테스터12와 함께 한 판 하실분?', 12, 0, null, 'MALE', 2, '서울특별시 강동구 풍성로12', '서울특별시 강동구 풍성로12에서 재밌게 놀 여자 구합니다.', '랭크', 'IN_PROGRESS', null, null, FALSE);
insert into matches(id, title, initiator_id, opponent_id, match_date_time, gender, tier, location, description, type, status, winner_id, loser_id, draw) values(60, '테스터9와 함께 한 판 하실분?', 9, 27, null, 'FEMALE', 1, '서울특별시 강동구 풍성로9', '서울특별시 강동구 풍성로9에서 재밌게 놀 남자 구합니다.', '일반', 'IN_PROGRESS', 9, 27, FALSE);
insert into matches(id, title, initiator_id, opponent_id, match_date_time, gender, tier, location, description, type, status, winner_id, loser_id, draw) values(61, '테스터6와 함께 한 판 하실분?', 6, 18, null, 'FEMALE', 1, '서울특별시 강동구 풍성로18', '서울특별시 강동구 풍성로6에서 재밌게 놀 여자 구합니다.', '일반', 'IN_PROGRESS', 6, 18, FALSE);
insert into matches(id, title, initiator_id, opponent_id, match_date_time, gender, tier, location, description, type, status, winner_id, loser_id, draw) values(62, '테스터26와 함께 한 판 하실분?', 26, 0, null, 'FEMALE', 1, '서울특별시 강동구 풍성로26', '서울특별시 강동구 풍성로26에서 재밌게 놀 여자 구합니다.', '랭크', 'IN_PROGRESS', null, null, FALSE);
insert into matches(id, title, initiator_id, opponent_id, match_date_time, gender, tier, location, description, type, status, winner_id, loser_id, draw) values(63, '안녕! Bronze 게임 한 판?', 5, 7, null, 'FEMALE', 0, '서울특별시 강동구 풍성로5', '서울특별시 강동구 풍성로5에서 재밌게 놀 남자 구합니다.', '일반', 'IN_PROGRESS', 5, 7, FALSE);
insert into matches(id, title, initiator_id, opponent_id, match_date_time, gender, tier, location, description, type, status, winner_id, loser_id, draw) values(64, '테스터25와 함께 한 판 하실분?', 25, 0, null, 'MALE', 3, '서울특별시 강동구 풍성로25', '서울특별시 강동구 풍성로25에서 재밌게 놀 남자 구합니다.', '랭크', 'IN_PROGRESS', null, null, FALSE);
insert into matches(id, title, initiator_id, opponent_id, match_date_time, gender, tier, location, description, type, status, winner_id, loser_id, draw) values(65, '안녕! Bronze 게임 한 판?', 21, 0, null, 'FEMALE', 0, '서울특별시 강동구 풍성로21', '서울특별시 강동구 풍성로21에서 재밌게 놀 여자 구합니다.', '랭크', 'IN_PROGRESS', null, null, FALSE);
insert into matches(id, title, initiator_id, opponent_id, match_date_time, gender, tier, location, description, type, status, winner_id, loser_id, draw) values(66, '안녕! Gold 게임 한 판?', 14, 0, null, 'FEMALE', 2, '서울특별시 강동구 풍성로14', '서울특별시 강동구 풍성로14에서 재밌게 놀 여자 구합니다.', '랭크', 'IN_PROGRESS', null, null, FALSE);
insert into matches(id, title, initiator_id, opponent_id, match_date_time, gender, tier, location, description, type, status, winner_id, loser_id, draw) values(67, '테스터24와 함께 한 판 하실분?', 24, 0, null, 'FEMALE', 2, '서울특별시 강동구 풍성로24', '서울특별시 강동구 풍성로24에서 재밌게 놀 남자 구합니다.', '일반', 'IN_PROGRESS', null, null, FALSE);
insert into matches(id, title, initiator_id, opponent_id, match_date_time, gender, tier, location, description, type, status, winner_id, loser_id, draw) values(68, '안녕! Bronze 게임 한 판?', 4, 24, null, 'MALE', 0, '서울특별시 강동구 풍성로4', '서울특별시 강동구 풍성로4에서 재밌게 놀 여자 구합니다.', '랭크', 'IN_PROGRESS', 4, 24, FALSE);
insert into matches(id, title, initiator_id, opponent_id, match_date_time, gender, tier, location, description, type, status, winner_id, loser_id, draw) values(69, '테스터13와 함께 한 판 하실분?', 13, 25, null, 'FEMALE', 0, '서울특별시 강동구 풍성로25', '서울특별시 강동구 풍성로13에서 재밌게 놀 여자 구합니다.', '랭크', 'IN_PROGRESS', 25, 13, FALSE);
insert into matches(id, title, initiator_id, opponent_id, match_date_time, gender, tier, location, description, type, status, winner_id, loser_id, draw) values(70, '안녕! Sliver 게임 한 판?', 16, 0, null, 'FEMALE', 1, '서울특별시 강동구 풍성로16', '서울특별시 강동구 풍성로16에서 재밌게 놀 여자 구합니다.', '랭크', 'IN_PROGRESS', null, null, FALSE);
insert into matches(id, title, initiator_id, opponent_id, match_date_time, gender, tier, location, description, type, status, winner_id, loser_id, draw) values(71, '테스터19와 함께 한 판 하실분?', 19, 2, null, 'FEMALE', 3, '서울특별시 강동구 풍성로19', '서울특별시 강동구 풍성로19에서 재밌게 놀 남자 구합니다.', '일반', 'IN_PROGRESS', 19, 2, FALSE);
insert into matches(id, title, initiator_id, opponent_id, match_date_time, gender, tier, location, description, type, status, winner_id, loser_id, draw) values(72, '테스터27와 함께 한 판 하실분?', 27, 0, null, 'FEMALE', 3, '서울특별시 강동구 풍성로27', '서울특별시 강동구 풍성로27에서 재밌게 놀 여자 구합니다.', '일반', 'IN_PROGRESS', null, null, FALSE);
insert into matches(id, title, initiator_id, opponent_id, match_date_time, gender, tier, location, description, type, status, winner_id, loser_id, draw) values(73, '안녕! Sliver 게임 한 판?', 26, 4, null, 'MALE', 1, '서울특별시 강동구 풍성로26', '서울특별시 강동구 풍성로26에서 재밌게 놀 여자 구합니다.', '일반', 'IN_PROGRESS', null, 26, TRUE);
insert into matches(id, title, initiator_id, opponent_id, match_date_time, gender, tier, location, description, type, status, winner_id, loser_id, draw) values(74, '안녕! Sliver 게임 한 판?', 22, 0, null, 'FEMALE', 1, '서울특별시 강동구 풍성로22', '서울특별시 강동구 풍성로22에서 재밌게 놀 남자 구합니다.', '일반', 'IN_PROGRESS', null, null, FALSE);
insert into matches(id, title, initiator_id, opponent_id, match_date_time, gender, tier, location, description, type, status, winner_id, loser_id, draw) values(75, '테스터17와 함께 한 판 하실분?', 17, 2, null, 'FEMALE', 2, '서울특별시 강동구 풍성로17', '서울특별시 강동구 풍성로17에서 재밌게 놀 남자 구합니다.', '일반', 'IN_PROGRESS', 2, 17, FALSE);
insert into matches(id, title, initiator_id, opponent_id, match_date_time, gender, tier, location, description, type, status, winner_id, loser_id, draw) values(76, '안녕! Platium 게임 한 판?', 23, 18, null, 'MALE', 3, '서울특별시 강동구 풍성로18', '서울특별시 강동구 풍성로23에서 재밌게 놀 여자 구합니다.', '랭크', 'IN_PROGRESS', 23, 18, FALSE);
insert into matches(id, title, initiator_id, opponent_id, match_date_time, gender, tier, location, description, type, status, winner_id, loser_id, draw) values(77, '테스터20와 함께 한 판 하실분?', 20, 0, null, 'FEMALE', 0, '서울특별시 강동구 풍성로20', '서울특별시 강동구 풍성로20에서 재밌게 놀 여자 구합니다.', '랭크', 'IN_PROGRESS', null, null, FALSE);
insert into matches(id, title, initiator_id, opponent_id, match_date_time, gender, tier, location, description, type, status, winner_id, loser_id, draw) values(78, '테스터9와 함께 한 판 하실분?', 9, 0, null, 'MALE', 1, '서울특별시 강동구 풍성로9', '서울특별시 강동구 풍성로9에서 재밌게 놀 여자 구합니다.', '일반', 'IN_PROGRESS', null, null, TRUE);
insert into matches(id, title, initiator_id, opponent_id, match_date_time, gender, tier, location, description, type, status, winner_id, loser_id, draw) values(79, '테스터21와 함께 한 판 하실분?', 21, 15, null, 'MALE', 0, '서울특별시 강동구 풍성로15', '서울특별시 강동구 풍성로21에서 재밌게 놀 남자 구합니다.', '일반', 'IN_PROGRESS', 15, 21, FALSE);
insert into matches(id, title, initiator_id, opponent_id, match_date_time, gender, tier, location, description, type, status, winner_id, loser_id, draw) values(80, '테스터17와 함께 한 판 하실분?', 17, 1, null, 'FEMALE', 2, '서울특별시 강동구 풍성로1', '서울특별시 강동구 풍성로17에서 재밌게 놀 여자 구합니다.', '일반', 'IN_PROGRESS', 1, 17, FALSE);
insert into matches(id, title, initiator_id, opponent_id, match_date_time, gender, tier, location, description, type, status, winner_id, loser_id, draw) values(81, '테스터14와 함께 한 판 하실분?', 14, 4, null, 'MALE', 2, '서울특별시 강동구 풍성로4', '서울특별시 강동구 풍성로14에서 재밌게 놀 여자 구합니다.', '랭크', 'IN_PROGRESS', 4, 14, FALSE);
insert into matches(id, title, initiator_id, opponent_id, match_date_time, gender, tier, location, description, type, status, winner_id, loser_id, draw) values(82, '안녕! Gold 게임 한 판?', 12, 3, null, 'FEMALE', 2, '서울특별시 강동구 풍성로12', '서울특별시 강동구 풍성로12에서 재밌게 놀 남자 구합니다.', '일반', 'IN_PROGRESS', 12, 3, FALSE);
insert into matches(id, title, initiator_id, opponent_id, match_date_time, gender, tier, location, description, type, status, winner_id, loser_id, draw) values(83, '테스터2와 함께 한 판 하실분?', 2, 23, null, 'FEMALE', 4, '서울특별시 강동구 풍성로2', '서울특별시 강동구 풍성로2에서 재밌게 놀 여자 구합니다.', '랭크', 'IN_PROGRESS', 23, 2, FALSE);
insert into matches(id, title, initiator_id, opponent_id, match_date_time, gender, tier, location, description, type, status, winner_id, loser_id, draw) values(84, '테스터22와 함께 한 판 하실분?', 22, 24, null, 'FEMALE', 1, '서울특별시 강동구 풍성로22', '서울특별시 강동구 풍성로22에서 재밌게 놀 여자 구합니다.', '랭크', 'IN_PROGRESS', 24, 22, FALSE);
insert into matches(id, title, initiator_id, opponent_id, match_date_time, gender, tier, location, description, type, status, winner_id, loser_id, draw) values(85, '테스터16와 함께 한 판 하실분?', 16, 14, null, 'FEMALE', 1, '서울특별시 강동구 풍성로16', '서울특별시 강동구 풍성로16에서 재밌게 놀 여자 구합니다.', '일반', 'IN_PROGRESS', 16, 14, FALSE);
insert into matches(id, title, initiator_id, opponent_id, match_date_time, gender, tier, location, description, type, status, winner_id, loser_id, draw) values(86, '안녕! Sliver 게임 한 판?', 1, 16, null, 'MALE', 1, '서울특별시 강동구 풍성로16', '서울특별시 강동구 풍성로1에서 재밌게 놀 여자 구합니다.', '랭크', 'IN_PROGRESS', null, 1, TRUE);
insert into matches(id, title, initiator_id, opponent_id, match_date_time, gender, tier, location, description, type, status, winner_id, loser_id, draw) values(87, '안녕! Platium 게임 한 판?', 23, 20, null, 'MALE', 3, '서울특별시 강동구 풍성로20', '서울특별시 강동구 풍성로23에서 재밌게 놀 여자 구합니다.', '랭크', 'IN_PROGRESS', 20, 23, FALSE);
insert into matches(id, title, initiator_id, opponent_id, match_date_time, gender, tier, location, description, type, status, winner_id, loser_id, draw) values(88, '안녕! Platium 게임 한 판?', 19, 0, null, 'MALE', 3, '서울특별시 강동구 풍성로19', '서울특별시 강동구 풍성로19에서 재밌게 놀 남자 구합니다.', '일반', 'IN_PROGRESS', null, null, FALSE);
insert into matches(id, title, initiator_id, opponent_id, match_date_time, gender, tier, location, description, type, status, winner_id, loser_id, draw) values(89, '안녕! Platium 게임 한 판?', 27, 25, null, 'MALE', 3, '서울특별시 강동구 풍성로25', '서울특별시 강동구 풍성로27에서 재밌게 놀 여자 구합니다.', '랭크', 'IN_PROGRESS', 25, 27, FALSE);
insert into matches(id, title, initiator_id, opponent_id, match_date_time, gender, tier, location, description, type, status, winner_id, loser_id, draw) values(90, '안녕! Platium 게임 한 판?', 8, 0, null, 'FEMALE', 3, '서울특별시 강동구 풍성로8', '서울특별시 강동구 풍성로8에서 재밌게 놀 남자 구합니다.', '랭크', 'IN_PROGRESS', null, null, FALSE);
insert into matches(id, title, initiator_id, opponent_id, match_date_time, gender, tier, location, description, type, status, winner_id, loser_id, draw) values(91, '안녕! Diamond 게임 한 판?', 10, 14, null, 'MALE', 4, '서울특별시 강동구 풍성로10', '서울특별시 강동구 풍성로10에서 재밌게 놀 여자 구합니다.', '일반', 'IN_PROGRESS', 10, 14, FALSE);
insert into matches(id, title, initiator_id, opponent_id, match_date_time, gender, tier, location, description, type, status, winner_id, loser_id, draw) values(92, '테스터29와 함께 한 판 하실분?', 29, 0, null, 'FEMALE', 4, '서울특별시 강동구 풍성로29', '서울특별시 강동구 풍성로29에서 재밌게 놀 여자 구합니다.', '일반', 'IN_PROGRESS', null, null, FALSE);
insert into matches(id, title, initiator_id, opponent_id, match_date_time, gender, tier, location, description, type, status, winner_id, loser_id, draw) values(93, '안녕! Gold 게임 한 판?', 14, 0, null, 'FEMALE', 2, '서울특별시 강동구 풍성로14', '서울특별시 강동구 풍성로14에서 재밌게 놀 남자 구합니다.', '랭크', 'IN_PROGRESS', null, null, FALSE);
insert into matches(id, title, initiator_id, opponent_id, match_date_time, gender, tier, location, description, type, status, winner_id, loser_id, draw) values(94, '안녕! Platium 게임 한 판?', 8, 13, null, 'MALE', 3, '서울특별시 강동구 풍성로8', '서울특별시 강동구 풍성로8에서 재밌게 놀 남자 구합니다.', '랭크', 'IN_PROGRESS', 8, 13, FALSE);
insert into matches(id, title, initiator_id, opponent_id, match_date_time, gender, tier, location, description, type, status, winner_id, loser_id, draw) values(95, '안녕! Bronze 게임 한 판?', 20, 0, null, 'MALE', 0, '서울특별시 강동구 풍성로20', '서울특별시 강동구 풍성로20에서 재밌게 놀 남자 구합니다.', '일반', 'IN_PROGRESS', null, null, FALSE);
insert into matches(id, title, initiator_id, opponent_id, match_date_time, gender, tier, location, description, type, status, winner_id, loser_id, draw) values(96, '테스터13와 함께 한 판 하실분?', 13, 14, null, 'FEMALE', 0, '서울특별시 강동구 풍성로14', '서울특별시 강동구 풍성로13에서 재밌게 놀 남자 구합니다.', '일반', 'IN_PROGRESS', 13, 14, FALSE);
insert into matches(id, title, initiator_id, opponent_id, match_date_time, gender, tier, location, description, type, status, winner_id, loser_id, draw) values(97, '테스터10와 함께 한 판 하실분?', 10, 0, null, 'MALE', 4, '서울특별시 강동구 풍성로10', '서울특별시 강동구 풍성로10에서 재밌게 놀 남자 구합니다.', '일반', 'IN_PROGRESS', null, null, FALSE);

insert into match_application(id, applicant_id, match_id, status) values(1, 25, 1, 'PENDING');
insert into match_application(id, applicant_id, match_id, status) values(2, 1, 2, 'APPROVED');
insert into match_application(id, applicant_id, match_id, status) values(3, 1, 3, 'APPROVED');
insert into match_application(id, applicant_id, match_id, status) values(4, 19, 4, 'APPROVED');
insert into match_application(id, applicant_id, match_id, status) values(5, 25, 5, 'PENDING');
insert into match_application(id, applicant_id, match_id, status) values(6, 4, 6, 'APPROVED');
insert into match_application(id, applicant_id, match_id, status) values(7, 11, 7, 'PENDING');
insert into match_application(id, applicant_id, match_id, status) values(8, 26, 8, 'PENDING');
insert into match_application(id, applicant_id, match_id, status) values(9, 1, 9, 'APPROVED');
insert into match_application(id, applicant_id, match_id, status) values(10, 1, 10, 'PENDING');
insert into match_application(id, applicant_id, match_id, status) values(11, 19, 11, 'PENDING');
insert into match_application(id, applicant_id, match_id, status) values(12, 14, 12, 'APPROVED');
insert into match_application(id, applicant_id, match_id, status) values(13, 26, 13, 'APPROVED');
insert into match_application(id, applicant_id, match_id, status) values(14, 25, 14, 'PENDING');
insert into match_application(id, applicant_id, match_id, status) values(15, 22, 15, 'PENDING');
insert into match_application(id, applicant_id, match_id, status) values(16, 15, 16, 'PENDING');
insert into match_application(id, applicant_id, match_id, status) values(17, 3, 17, 'APPROVED');
insert into match_application(id, applicant_id, match_id, status) values(18, 19, 18, 'APPROVED');
insert into match_application(id, applicant_id, match_id, status) values(19, 7, 19, 'APPROVED');
insert into match_application(id, applicant_id, match_id, status) values(20, 27, 20, 'APPROVED');
insert into match_application(id, applicant_id, match_id, status) values(21, 7, 21, 'APPROVED');
insert into match_application(id, applicant_id, match_id, status) values(22, 26, 22, 'PENDING');
insert into match_application(id, applicant_id, match_id, status) values(23, 7, 23, 'APPROVED');
insert into match_application(id, applicant_id, match_id, status) values(24, 27, 24, 'PENDING');
insert into match_application(id, applicant_id, match_id, status) values(25, 1, 25, 'PENDING');
insert into match_application(id, applicant_id, match_id, status) values(26, 22, 26, 'APPROVED');
insert into match_application(id, applicant_id, match_id, status) values(27, 16, 27, 'APPROVED');
insert into match_application(id, applicant_id, match_id, status) values(28, 29, 28, 'APPROVED');
insert into match_application(id, applicant_id, match_id, status) values(29, 8, 29, 'PENDING');
insert into match_application(id, applicant_id, match_id, status) values(30, 14, 30, 'APPROVED');
insert into match_application(id, applicant_id, match_id, status) values(31, 14, 31, 'PENDING');
insert into match_application(id, applicant_id, match_id, status) values(32, 18, 32, 'PENDING');
insert into match_application(id, applicant_id, match_id, status) values(33, 7, 33, 'PENDING');
insert into match_application(id, applicant_id, match_id, status) values(34, 22, 34, 'PENDING');
insert into match_application(id, applicant_id, match_id, status) values(35, 21, 35, 'APPROVED');
insert into match_application(id, applicant_id, match_id, status) values(36, 10, 36, 'APPROVED');
insert into match_application(id, applicant_id, match_id, status) values(37, 1, 37, 'PENDING');
insert into match_application(id, applicant_id, match_id, status) values(38, 10, 38, 'APPROVED');
insert into match_application(id, applicant_id, match_id, status) values(39, 13, 39, 'APPROVED');
insert into match_application(id, applicant_id, match_id, status) values(40, 2, 40, 'PENDING');
insert into match_application(id, applicant_id, match_id, status) values(41, 10, 41, 'APPROVED');
insert into match_application(id, applicant_id, match_id, status) values(42, 25, 42, 'APPROVED');
insert into match_application(id, applicant_id, match_id, status) values(43, 2, 43, 'PENDING');
insert into match_application(id, applicant_id, match_id, status) values(44, 17, 44, 'PENDING');
insert into match_application(id, applicant_id, match_id, status) values(45, 10, 45, 'APPROVED');
insert into match_application(id, applicant_id, match_id, status) values(46, 2, 46, 'APPROVED');
insert into match_application(id, applicant_id, match_id, status) values(47, 4, 47, 'APPROVED');
insert into match_application(id, applicant_id, match_id, status) values(48, 1, 48, 'APPROVED');
insert into match_application(id, applicant_id, match_id, status) values(49, 22, 49, 'PENDING');
insert into match_application(id, applicant_id, match_id, status) values(50, 10, 50, 'PENDING');
insert into match_application(id, applicant_id, match_id, status) values(51, 4, 51, 'PENDING');
insert into match_application(id, applicant_id, match_id, status) values(52, 26, 52, 'APPROVED');
insert into match_application(id, applicant_id, match_id, status) values(53, 2, 53, 'APPROVED');
insert into match_application(id, applicant_id, match_id, status) values(54, 5, 54, 'PENDING');
insert into match_application(id, applicant_id, match_id, status) values(55, 16, 55, 'APPROVED');
insert into match_application(id, applicant_id, match_id, status) values(56, 11, 56, 'APPROVED');
insert into match_application(id, applicant_id, match_id, status) values(57, 8, 57, 'PENDING');
insert into match_application(id, applicant_id, match_id, status) values(58, 22, 58, 'APPROVED');
insert into match_application(id, applicant_id, match_id, status) values(59, 14, 59, 'APPROVED');
insert into match_application(id, applicant_id, match_id, status) values(60, 3, 60, 'PENDING');
insert into match_application(id, applicant_id, match_id, status) values(61, 18, 61, 'PENDING');
insert into match_application(id, applicant_id, match_id, status) values(62, 20, 62, 'APPROVED');
insert into match_application(id, applicant_id, match_id, status) values(63, 8, 63, 'PENDING');
insert into match_application(id, applicant_id, match_id, status) values(64, 19, 64, 'PENDING');
insert into match_application(id, applicant_id, match_id, status) values(65, 22, 65, 'APPROVED');
insert into match_application(id, applicant_id, match_id, status) values(66, 3, 66, 'PENDING');
insert into match_application(id, applicant_id, match_id, status) values(67, 14, 67, 'PENDING');
insert into match_application(id, applicant_id, match_id, status) values(68, 21, 68, 'PENDING');
insert into match_application(id, applicant_id, match_id, status) values(69, 22, 69, 'PENDING');
insert into match_application(id, applicant_id, match_id, status) values(70, 13, 70, 'APPROVED');
insert into match_application(id, applicant_id, match_id, status) values(71, 22, 71, 'APPROVED');
insert into match_application(id, applicant_id, match_id, status) values(72, 4, 72, 'PENDING');
insert into match_application(id, applicant_id, match_id, status) values(73, 19, 73, 'APPROVED');
insert into match_application(id, applicant_id, match_id, status) values(74, 18, 74, 'PENDING');
insert into match_application(id, applicant_id, match_id, status) values(75, 9, 75, 'APPROVED');
insert into match_application(id, applicant_id, match_id, status) values(76, 17, 76, 'APPROVED');
insert into match_application(id, applicant_id, match_id, status) values(77, 28, 77, 'APPROVED');
insert into match_application(id, applicant_id, match_id, status) values(78, 18, 78, 'APPROVED');
insert into match_application(id, applicant_id, match_id, status) values(79, 2, 79, 'APPROVED');
insert into match_application(id, applicant_id, match_id, status) values(80, 24, 80, 'APPROVED');
insert into match_application(id, applicant_id, match_id, status) values(81, 1, 81, 'APPROVED');
insert into match_application(id, applicant_id, match_id, status) values(82, 25, 82, 'APPROVED');
insert into match_application(id, applicant_id, match_id, status) values(83, 8, 83, 'PENDING');
insert into match_application(id, applicant_id, match_id, status) values(84, 23, 84, 'APPROVED');
insert into match_application(id, applicant_id, match_id, status) values(85, 22, 85, 'APPROVED');
insert into match_application(id, applicant_id, match_id, status) values(86, 7, 86, 'PENDING');
insert into match_application(id, applicant_id, match_id, status) values(87, 8, 87, 'PENDING');
insert into match_application(id, applicant_id, match_id, status) values(88, 19, 88, 'APPROVED');
insert into match_application(id, applicant_id, match_id, status) values(89, 9, 89, 'PENDING');
insert into match_application(id, applicant_id, match_id, status) values(90, 9, 90, 'APPROVED');
insert into match_application(id, applicant_id, match_id, status) values(91, 16, 91, 'APPROVED');
insert into match_application(id, applicant_id, match_id, status) values(92, 12, 92, 'APPROVED');
insert into match_application(id, applicant_id, match_id, status) values(93, 14, 93, 'APPROVED');
insert into match_application(id, applicant_id, match_id, status) values(94, 19, 94, 'APPROVED');
insert into match_application(id, applicant_id, match_id, status) values(95, 3, 95, 'APPROVED');
insert into match_application(id, applicant_id, match_id, status) values(96, 29, 96, 'APPROVED');
insert into match_application(id, applicant_id, match_id, status) values(97, 21, 97, 'APPROVED');

insert into match_Set(id, set_number, initiator_score, opponent_score, match_id) values(1, 1, 1, 9, 2);
insert into match_Set(id, set_number, initiator_score, opponent_score, match_id) values(2, 2, 2, 8, 2);
insert into match_Set(id, set_number, initiator_score, opponent_score, match_id) values(3, 3, 4, 10, 2);
insert into match_Set(id, set_number, initiator_score, opponent_score, match_id) values(4, 1, 6, 8, 1);
insert into match_Set(id, set_number, initiator_score, opponent_score, match_id) values(5, 1, 4, 11, 3);
insert into match_Set(id, set_number, initiator_score, opponent_score, match_id) values(6, 1, 8, 3, 4);
insert into match_Set(id, set_number, initiator_score, opponent_score, match_id) values(7, 2, 2, 7, 4);
insert into match_Set(id, set_number, initiator_score, opponent_score, match_id) values(8, 3, 5, 2, 4);
insert into match_Set(id, set_number, initiator_score, opponent_score, match_id) values(9, 1, 7, 9, 5);
insert into match_Set(id, set_number, initiator_score, opponent_score, match_id) values(10, 2, 2, 4, 5);
insert into match_Set(id, set_number, initiator_score, opponent_score, match_id) values(11, 3, 1, 8, 5);
insert into match_Set(id, set_number, initiator_score, opponent_score, match_id) values(12, 1, 7, 7, 6);
insert into match_Set(id, set_number, initiator_score, opponent_score, match_id) values(13, 1, 4, 7, 7);
insert into match_Set(id, set_number, initiator_score, opponent_score, match_id) values(14, 2, 2, 1, 7);
insert into match_Set(id, set_number, initiator_score, opponent_score, match_id) values(15, 3, 10, 3, 7);
insert into match_Set(id, set_number, initiator_score, opponent_score, match_id) values(16, 1, 4, 6, 8);
insert into match_Set(id, set_number, initiator_score, opponent_score, match_id) values(17, 2, 2, 1, 8);
insert into match_Set(id, set_number, initiator_score, opponent_score, match_id) values(18, 3, 9, 3, 8);
insert into match_Set(id, set_number, initiator_score, opponent_score, match_id) values(19, 1, 7, 0, 9);
insert into match_Set(id, set_number, initiator_score, opponent_score, match_id) values(20, 2, 7, 0, 9);
insert into match_Set(id, set_number, initiator_score, opponent_score, match_id) values(21, 1, 4, 4, 10);
insert into match_Set(id, set_number, initiator_score, opponent_score, match_id) values(22, 1, 4, 2, 11);
insert into match_Set(id, set_number, initiator_score, opponent_score, match_id) values(23, 1, 2, 3, 12);
insert into match_Set(id, set_number, initiator_score, opponent_score, match_id) values(24, 2, 4, 10, 12);
insert into match_Set(id, set_number, initiator_score, opponent_score, match_id) values(25, 1, 10, 7, 13);
insert into match_Set(id, set_number, initiator_score, opponent_score, match_id) values(26, 1, 4, 7, 14);
insert into match_Set(id, set_number, initiator_score, opponent_score, match_id) values(27, 2, 6, 9, 14);
insert into match_Set(id, set_number, initiator_score, opponent_score, match_id) values(28, 3, 6, 0, 14);
insert into match_Set(id, set_number, initiator_score, opponent_score, match_id) values(29, 1, 10, 9, 15);
insert into match_Set(id, set_number, initiator_score, opponent_score, match_id) values(30, 2, 2, 6, 15);
insert into match_Set(id, set_number, initiator_score, opponent_score, match_id) values(31, 3, 4, 0, 15);
insert into match_Set(id, set_number, initiator_score, opponent_score, match_id) values(32, 1, 4, 9, 16);
insert into match_Set(id, set_number, initiator_score, opponent_score, match_id) values(33, 1, 6, 10, 17);
insert into match_Set(id, set_number, initiator_score, opponent_score, match_id) values(34, 1, 9, 10, 18);
insert into match_Set(id, set_number, initiator_score, opponent_score, match_id) values(35, 1, 0, 4, 19);
insert into match_Set(id, set_number, initiator_score, opponent_score, match_id) values(36, 2, 1, 7, 19);
insert into match_Set(id, set_number, initiator_score, opponent_score, match_id) values(37, 3, 0, 0, 19);
insert into match_Set(id, set_number, initiator_score, opponent_score, match_id) values(38, 1, 6, 1, 20);
insert into match_Set(id, set_number, initiator_score, opponent_score, match_id) values(39, 1, 10, 9, 21);
insert into match_Set(id, set_number, initiator_score, opponent_score, match_id) values(40, 2, 0, 10, 21);
insert into match_Set(id, set_number, initiator_score, opponent_score, match_id) values(41, 3, 4, 4, 21);
insert into match_Set(id, set_number, initiator_score, opponent_score, match_id) values(42, 1, 9, 3, 22);
insert into match_Set(id, set_number, initiator_score, opponent_score, match_id) values(43, 1, 9, 0, 23);
insert into match_Set(id, set_number, initiator_score, opponent_score, match_id) values(44, 1, 1, 11, 24);
insert into match_Set(id, set_number, initiator_score, opponent_score, match_id) values(45, 2, 11, 11, 24);
insert into match_Set(id, set_number, initiator_score, opponent_score, match_id) values(46, 3, 4, 3, 24);
insert into match_Set(id, set_number, initiator_score, opponent_score, match_id) values(47, 1, 5, 4, 25);
insert into match_Set(id, set_number, initiator_score, opponent_score, match_id) values(48, 2, 6, 2, 25);
insert into match_Set(id, set_number, initiator_score, opponent_score, match_id) values(49, 1, 4, 3, 26);
insert into match_Set(id, set_number, initiator_score, opponent_score, match_id) values(50, 2, 3, 5, 26);
insert into match_Set(id, set_number, initiator_score, opponent_score, match_id) values(51, 1, 8, 10, 27);
insert into match_Set(id, set_number, initiator_score, opponent_score, match_id) values(52, 1, 11, 6, 28);
insert into match_Set(id, set_number, initiator_score, opponent_score, match_id) values(53, 2, 4, 4, 28);
insert into match_Set(id, set_number, initiator_score, opponent_score, match_id) values(54, 1, 6, 9, 29);
insert into match_Set(id, set_number, initiator_score, opponent_score, match_id) values(55, 2, 5, 7, 29);
insert into match_Set(id, set_number, initiator_score, opponent_score, match_id) values(56, 3, 6, 7, 29);
insert into match_Set(id, set_number, initiator_score, opponent_score, match_id) values(57, 1, 2, 4, 30);
insert into match_Set(id, set_number, initiator_score, opponent_score, match_id) values(58, 2, 8, 7, 30);
insert into match_Set(id, set_number, initiator_score, opponent_score, match_id) values(59, 1, 3, 2, 31);
insert into match_Set(id, set_number, initiator_score, opponent_score, match_id) values(60, 2, 6, 8, 31);
insert into match_Set(id, set_number, initiator_score, opponent_score, match_id) values(61, 3, 5, 8, 31);
insert into match_Set(id, set_number, initiator_score, opponent_score, match_id) values(62, 1, 3, 7, 32);
insert into match_Set(id, set_number, initiator_score, opponent_score, match_id) values(63, 2, 6, 0, 32);
insert into match_Set(id, set_number, initiator_score, opponent_score, match_id) values(64, 3, 11, 10, 32);
insert into match_Set(id, set_number, initiator_score, opponent_score, match_id) values(65, 1, 4, 2, 33);
insert into match_Set(id, set_number, initiator_score, opponent_score, match_id) values(66, 2, 2, 1, 33);
insert into match_Set(id, set_number, initiator_score, opponent_score, match_id) values(67, 1, 4, 2, 34);
insert into match_Set(id, set_number, initiator_score, opponent_score, match_id) values(68, 1, 1, 2, 35);
insert into match_Set(id, set_number, initiator_score, opponent_score, match_id) values(69, 1, 7, 1, 36);
insert into match_Set(id, set_number, initiator_score, opponent_score, match_id) values(70, 2, 2, 4, 36);
insert into match_Set(id, set_number, initiator_score, opponent_score, match_id) values(71, 1, 10, 11, 37);
insert into match_Set(id, set_number, initiator_score, opponent_score, match_id) values(72, 2, 2, 3, 37);
insert into match_Set(id, set_number, initiator_score, opponent_score, match_id) values(73, 1, 10, 6, 38);
insert into match_Set(id, set_number, initiator_score, opponent_score, match_id) values(74, 1, 2, 6, 39);
insert into match_Set(id, set_number, initiator_score, opponent_score, match_id) values(75, 2, 2, 10, 39);
insert into match_Set(id, set_number, initiator_score, opponent_score, match_id) values(76, 3, 5, 3, 39);
insert into match_Set(id, set_number, initiator_score, opponent_score, match_id) values(77, 1, 3, 5, 40);
insert into match_Set(id, set_number, initiator_score, opponent_score, match_id) values(78, 2, 8, 1, 40);
insert into match_Set(id, set_number, initiator_score, opponent_score, match_id) values(79, 1, 5, 1, 41);
insert into match_Set(id, set_number, initiator_score, opponent_score, match_id) values(80, 1, 3, 11, 42);
insert into match_Set(id, set_number, initiator_score, opponent_score, match_id) values(81, 2, 2, 3, 42);
insert into match_Set(id, set_number, initiator_score, opponent_score, match_id) values(82, 1, 8, 9, 43);
insert into match_Set(id, set_number, initiator_score, opponent_score, match_id) values(83, 2, 0, 3, 43);
insert into match_Set(id, set_number, initiator_score, opponent_score, match_id) values(84, 3, 9, 3, 43);
insert into match_Set(id, set_number, initiator_score, opponent_score, match_id) values(85, 1, 2, 3, 44);
insert into match_Set(id, set_number, initiator_score, opponent_score, match_id) values(86, 2, 1, 6, 44);
insert into match_Set(id, set_number, initiator_score, opponent_score, match_id) values(87, 3, 10, 8, 44);
insert into match_Set(id, set_number, initiator_score, opponent_score, match_id) values(88, 1, 9, 11, 45);
insert into match_Set(id, set_number, initiator_score, opponent_score, match_id) values(89, 2, 8, 11, 45);
insert into match_Set(id, set_number, initiator_score, opponent_score, match_id) values(90, 1, 3, 6, 46);
insert into match_Set(id, set_number, initiator_score, opponent_score, match_id) values(91, 2, 1, 1, 46);
insert into match_Set(id, set_number, initiator_score, opponent_score, match_id) values(92, 1, 6, 3, 47);
insert into match_Set(id, set_number, initiator_score, opponent_score, match_id) values(93, 2, 3, 7, 47);
insert into match_Set(id, set_number, initiator_score, opponent_score, match_id) values(94, 1, 3, 0, 48);
insert into match_Set(id, set_number, initiator_score, opponent_score, match_id) values(95, 2, 11, 7, 48);
insert into match_Set(id, set_number, initiator_score, opponent_score, match_id) values(96, 3, 11, 0, 48);
insert into match_Set(id, set_number, initiator_score, opponent_score, match_id) values(97, 1, 2, 6, 49);
insert into match_Set(id, set_number, initiator_score, opponent_score, match_id) values(98, 1, 6, 9, 50);
insert into match_Set(id, set_number, initiator_score, opponent_score, match_id) values(99, 1, 6, 5, 51);
insert into match_Set(id, set_number, initiator_score, opponent_score, match_id) values(100, 2, 11, 2, 51);
insert into match_Set(id, set_number, initiator_score, opponent_score, match_id) values(101, 1, 3, 8, 52);
insert into match_Set(id, set_number, initiator_score, opponent_score, match_id) values(102, 2, 5, 6, 52);
insert into match_Set(id, set_number, initiator_score, opponent_score, match_id) values(103, 1, 11, 7, 53);
insert into match_Set(id, set_number, initiator_score, opponent_score, match_id) values(104, 2, 2, 2, 53);
insert into match_Set(id, set_number, initiator_score, opponent_score, match_id) values(105, 1, 3, 6, 54);
insert into match_Set(id, set_number, initiator_score, opponent_score, match_id) values(106, 2, 7, 7, 54);
insert into match_Set(id, set_number, initiator_score, opponent_score, match_id) values(107, 3, 3, 7, 54);
insert into match_Set(id, set_number, initiator_score, opponent_score, match_id) values(108, 1, 9, 4, 55);
insert into match_Set(id, set_number, initiator_score, opponent_score, match_id) values(109, 2, 4, 3, 55);
insert into match_Set(id, set_number, initiator_score, opponent_score, match_id) values(110, 1, 7, 4, 56);
insert into match_Set(id, set_number, initiator_score, opponent_score, match_id) values(111, 2, 8, 5, 56);
insert into match_Set(id, set_number, initiator_score, opponent_score, match_id) values(112, 1, 1, 0, 57);
insert into match_Set(id, set_number, initiator_score, opponent_score, match_id) values(113, 1, 2, 11, 58);
insert into match_Set(id, set_number, initiator_score, opponent_score, match_id) values(114, 2, 5, 1, 58);
insert into match_Set(id, set_number, initiator_score, opponent_score, match_id) values(115, 3, 1, 9, 58);
insert into match_Set(id, set_number, initiator_score, opponent_score, match_id) values(116, 1, 11, 9, 59);
insert into match_Set(id, set_number, initiator_score, opponent_score, match_id) values(117, 2, 8, 8, 59);
insert into match_Set(id, set_number, initiator_score, opponent_score, match_id) values(118, 1, 5, 4, 60);
insert into match_Set(id, set_number, initiator_score, opponent_score, match_id) values(119, 2, 11, 6, 60);
insert into match_Set(id, set_number, initiator_score, opponent_score, match_id) values(120, 1, 6, 5, 61);
insert into match_Set(id, set_number, initiator_score, opponent_score, match_id) values(121, 1, 6, 1, 62);
insert into match_Set(id, set_number, initiator_score, opponent_score, match_id) values(122, 1, 9, 9, 63);
insert into match_Set(id, set_number, initiator_score, opponent_score, match_id) values(123, 1, 9, 3, 64);
insert into match_Set(id, set_number, initiator_score, opponent_score, match_id) values(124, 2, 11, 5, 64);
insert into match_Set(id, set_number, initiator_score, opponent_score, match_id) values(125, 1, 1, 8, 65);
insert into match_Set(id, set_number, initiator_score, opponent_score, match_id) values(126, 2, 11, 7, 65);
insert into match_Set(id, set_number, initiator_score, opponent_score, match_id) values(127, 1, 10, 2, 66);
insert into match_Set(id, set_number, initiator_score, opponent_score, match_id) values(128, 2, 5, 7, 66);
insert into match_Set(id, set_number, initiator_score, opponent_score, match_id) values(129, 3, 11, 1, 66);
insert into match_Set(id, set_number, initiator_score, opponent_score, match_id) values(130, 1, 6, 8, 67);
insert into match_Set(id, set_number, initiator_score, opponent_score, match_id) values(131, 1, 8, 10, 68);
insert into match_Set(id, set_number, initiator_score, opponent_score, match_id) values(132, 2, 4, 3, 68);
insert into match_Set(id, set_number, initiator_score, opponent_score, match_id) values(133, 1, 0, 5, 69);
insert into match_Set(id, set_number, initiator_score, opponent_score, match_id) values(134, 2, 6, 5, 69);
insert into match_Set(id, set_number, initiator_score, opponent_score, match_id) values(135, 3, 2, 5, 69);
insert into match_Set(id, set_number, initiator_score, opponent_score, match_id) values(136, 1, 2, 3, 70);
insert into match_Set(id, set_number, initiator_score, opponent_score, match_id) values(137, 2, 9, 5, 70);
insert into match_Set(id, set_number, initiator_score, opponent_score, match_id) values(138, 1, 7, 4, 71);
insert into match_Set(id, set_number, initiator_score, opponent_score, match_id) values(139, 2, 11, 0, 71);
insert into match_Set(id, set_number, initiator_score, opponent_score, match_id) values(140, 1, 7, 0, 72);
insert into match_Set(id, set_number, initiator_score, opponent_score, match_id) values(141, 2, 10, 5, 72);
insert into match_Set(id, set_number, initiator_score, opponent_score, match_id) values(142, 3, 1, 4, 72);
insert into match_Set(id, set_number, initiator_score, opponent_score, match_id) values(143, 1, 2, 2, 73);
insert into match_Set(id, set_number, initiator_score, opponent_score, match_id) values(144, 2, 6, 7, 73);
insert into match_Set(id, set_number, initiator_score, opponent_score, match_id) values(145, 1, 5, 1, 74);
insert into match_Set(id, set_number, initiator_score, opponent_score, match_id) values(146, 2, 9, 1, 74);
insert into match_Set(id, set_number, initiator_score, opponent_score, match_id) values(147, 3, 9, 6, 74);
insert into match_Set(id, set_number, initiator_score, opponent_score, match_id) values(148, 1, 0, 3, 75);
insert into match_Set(id, set_number, initiator_score, opponent_score, match_id) values(149, 1, 5, 8, 76);
insert into match_Set(id, set_number, initiator_score, opponent_score, match_id) values(150, 2, 11, 6, 76);
insert into match_Set(id, set_number, initiator_score, opponent_score, match_id) values(151, 1, 0, 9, 77);
insert into match_Set(id, set_number, initiator_score, opponent_score, match_id) values(152, 2, 3, 11, 77);
insert into match_Set(id, set_number, initiator_score, opponent_score, match_id) values(153, 3, 9, 10, 77);
insert into match_Set(id, set_number, initiator_score, opponent_score, match_id) values(154, 1, 6, 0, 78);
insert into match_Set(id, set_number, initiator_score, opponent_score, match_id) values(155, 2, 1, 11, 78);
insert into match_Set(id, set_number, initiator_score, opponent_score, match_id) values(156, 1, 3, 3, 79);
insert into match_Set(id, set_number, initiator_score, opponent_score, match_id) values(157, 1, 7, 2, 80);
insert into match_Set(id, set_number, initiator_score, opponent_score, match_id) values(158, 2, 7, 8, 80);
insert into match_Set(id, set_number, initiator_score, opponent_score, match_id) values(159, 1, 8, 10, 81);
insert into match_Set(id, set_number, initiator_score, opponent_score, match_id) values(160, 2, 10, 7, 81);
insert into match_Set(id, set_number, initiator_score, opponent_score, match_id) values(161, 3, 4, 7, 81);
insert into match_Set(id, set_number, initiator_score, opponent_score, match_id) values(162, 1, 5, 2, 82);
insert into match_Set(id, set_number, initiator_score, opponent_score, match_id) values(163, 2, 3, 5, 82);
insert into match_Set(id, set_number, initiator_score, opponent_score, match_id) values(164, 3, 11, 3, 82);
insert into match_Set(id, set_number, initiator_score, opponent_score, match_id) values(165, 1, 1, 9, 83);
insert into match_Set(id, set_number, initiator_score, opponent_score, match_id) values(166, 2, 4, 2, 83);
insert into match_Set(id, set_number, initiator_score, opponent_score, match_id) values(167, 1, 1, 2, 84);
insert into match_Set(id, set_number, initiator_score, opponent_score, match_id) values(168, 1, 0, 0, 85);
insert into match_Set(id, set_number, initiator_score, opponent_score, match_id) values(169, 2, 10, 8, 85);
insert into match_Set(id, set_number, initiator_score, opponent_score, match_id) values(170, 3, 10, 9, 85);
insert into match_Set(id, set_number, initiator_score, opponent_score, match_id) values(171, 1, 7, 1, 86);
insert into match_Set(id, set_number, initiator_score, opponent_score, match_id) values(172, 2, 8, 6, 86);
insert into match_Set(id, set_number, initiator_score, opponent_score, match_id) values(173, 1, 2, 2, 87);
insert into match_Set(id, set_number, initiator_score, opponent_score, match_id) values(174, 1, 6, 9, 88);
insert into match_Set(id, set_number, initiator_score, opponent_score, match_id) values(175, 2, 3, 0, 88);
insert into match_Set(id, set_number, initiator_score, opponent_score, match_id) values(176, 3, 1, 5, 88);
insert into match_Set(id, set_number, initiator_score, opponent_score, match_id) values(177, 1, 9, 3, 89);
insert into match_Set(id, set_number, initiator_score, opponent_score, match_id) values(178, 1, 6, 7, 90);
insert into match_Set(id, set_number, initiator_score, opponent_score, match_id) values(179, 2, 9, 5, 90);
insert into match_Set(id, set_number, initiator_score, opponent_score, match_id) values(180, 1, 1, 4, 91);
insert into match_Set(id, set_number, initiator_score, opponent_score, match_id) values(181, 2, 8, 4, 91);
insert into match_Set(id, set_number, initiator_score, opponent_score, match_id) values(182, 3, 3, 8, 91);
insert into match_Set(id, set_number, initiator_score, opponent_score, match_id) values(183, 1, 0, 7, 92);
insert into match_Set(id, set_number, initiator_score, opponent_score, match_id) values(184, 2, 10, 10, 92);
insert into match_Set(id, set_number, initiator_score, opponent_score, match_id) values(185, 3, 4, 9, 92);
insert into match_Set(id, set_number, initiator_score, opponent_score, match_id) values(186, 1, 7, 11, 93);
insert into match_Set(id, set_number, initiator_score, opponent_score, match_id) values(187, 2, 9, 8, 93);
insert into match_Set(id, set_number, initiator_score, opponent_score, match_id) values(188, 1, 6, 5, 94);
insert into match_Set(id, set_number, initiator_score, opponent_score, match_id) values(189, 2, 2, 9, 94);
insert into match_Set(id, set_number, initiator_score, opponent_score, match_id) values(190, 1, 11, 3, 95);
insert into match_Set(id, set_number, initiator_score, opponent_score, match_id) values(191, 2, 3, 8, 95);
insert into match_Set(id, set_number, initiator_score, opponent_score, match_id) values(192, 3, 5, 4, 95);
insert into match_Set(id, set_number, initiator_score, opponent_score, match_id) values(193, 1, 3, 4, 96);
insert into match_Set(id, set_number, initiator_score, opponent_score, match_id) values(194, 2, 6, 0, 96);
insert into match_Set(id, set_number, initiator_score, opponent_score, match_id) values(195, 1, 0, 5, 97);
insert into match_Set(id, set_number, initiator_score, opponent_score, match_id) values(196, 2, 7, 2, 97);
insert into match_Set(id, set_number, initiator_score, opponent_score, match_id) values(197, 3, 7, 8, 97);

